"Vremenska oznaka","1. Gender:","2. Age:","3. Country:","4. Place of living:","5. Profession:","6. Level of education:","7. Monthly income:","8. Ethnic origin:","9. Marital Status:","10. Children:","11. How much time you spend online per day?","12. How often do you buy online?","13. How often do you buy using your mobile phone?","14. How much do you use mobile phone and it's apps?","15. How socially active are you?","16. How much do you use social networks?","17. How sporty are you?","18. How much do you care about environment protection and animals?","19. How trendy are you?","20. How much do you care about your skin?","21. Do you use skincare products?","22. How much informed are you before buying skincare products?","23. How much do you care about expert's recommendations on skincare products?","24. How much do you care about friend's recommendations on skincare products?","25. How much influence on your skincare brand choice has a celebrity recommendation?","26. Where do you buy skincare products?","27. How much (at average) you spend on skincare products per month?","28. What brand of skincare products do you use?","29. How much do you care about natural ingredients in skincare products?","30. How much do you care about the price of a skincare product?","31. How much do you care about the quality of a skincare product?","32. Do you prefer premium or mass products? ","33. How much do you care about the social image of the skincare brand you are buying products from?","34. How much do you care about a store (online or offline) service of the skincare brands?","35. How important for you are free samples before buying?","36. How important for you are a good return policies of skincare brand?","37. How important for you are a skincare brand's environmental and animal testing policies?","38. Do you know brand Kiehl's?","39. Do you use Kiehl's products?","40. What's your level of satisfaction with Kiehl's products?","41. What's your level of satisfaction with Kiehl's service?","42. Would you recommend Kiehl's to your friends and acquaintances?","43. What is your favorite Kiehl's product?","44. What do you associate Kiehl's with?","45. If you buy online skincare products, what service do you use to buy them?","46. Why you use this service?","47. What are your favorite things about this service?","48. How satisfied are you with the online service you are using?","49. How often do you visit online store for skincare products?","50. How many skincare products do you buy online per month?","51. How long you shop before making a purchase of skincare products online?","52. How many items do you buy per online purchase of skincare products?","53. Where on showrooming-webrooming level do you see yourself?","54. Would you use Kiehl's online service?"
"2019/03/14 8:23:17 PM CET","Female","<20","USA","Small town","Student","High school graduate","$800-$1000","White","Single, never married","0","7","6","3","8","4","8","3","7","6","10","Yes","10","10","3","1","4","$10-$19","CeraVe, Neutrogena, Makeup’s artists choice, Paula’s Choice, thayers","1","7","10","5","3","4","2","3","6","5","No","","","","","","Amazon and the brand’s websites ","Amazon is quick","Super fast shipping","10","5","3","7","7","1","7"
"2019/03/14 10:34:44 PM CET","Male","20-29","Italy","Small town","Currently unemployed","Master's degree or eqvivalent","<$500","White","Single, never married","0","6","1","1","2","2","2","2","5","1","1","No","1","1","1","1","1","<$10","The cheapest I can find.","2","10","2","2","1","1","1","1","8","1","No","","","","","","","","","","","","","","","1"
"2019/03/15 12:13:07 AM CET","Female","<20","USA","Small town","Recently unemployed","Bachelor's degree or eqvivalent","$500-$799","Asian / Pacific","Single, never married","0","10","7","3","9","8","7","1","2","6","8","Yes","8","8","9","4","3","$10-$19","Neutrogena, Aveeno, No.7, Thayer's, Laneige, etc.","3","8","10","5","2","3","6","7","1","7","No","","","","","","","","","","","","","","","6"
"2019/03/15 12:19:27 AM CET","Female","20-29","USA","Small town","Medical student ","Master's degree or eqvivalent","$500-$799","Hispanic or Latino","Single, never married","0","7","9","9","9","3","2","2","7","4","7","Yes","3","3","5","1","4","<$10","Olay","4","8","6","4","1","2","3","3","2","1","No","","","","","","","","","","","","","","","1"
"2019/03/15 1:02:57 AM CET","Female","30-39","United States","Small town","EMT","High school graduate","$1000-$1499","White","Single, never married","0","7","7","8","8","6","7","8","7","4","6","No","4","8","6","5","4","<$10","","7","7","7","6","6","5","5","7","10","1","No","","","","","","","","","","","","","","","7"
"2019/03/15 1:28:55 AM CET","Female","30-39","US","Big city","Health Information","High school graduate",">$3000","Black or African","Single, never married","2","6","8","10","10","4","5","1","8","2","10","Yes","8","10","","1","1","$10-$19","CeraVe","6","1","10","5","8","8","1","10","8","1","No","","","","","","","","","","","","","","","5"
"2019/03/15 4:06:12 AM CET","Female","30-39","United States","Big city","Emergency mecical Technician","High school graduate","$1500-$3000","White","Single, never married","0","6","4","9","10","10","10","10","9","5","8","Yes","6","5","2","2","5","$20-$49","Aveeno ","8","4","8","5","5","6","2","8","6","1","No","","","","","","Amazon","Easy","Easy","10","6","2","2","3","3","4"
"2019/03/15 6:27:38 AM CET","Male","20-29","US","Small town","unemployed","Bachelor's degree or eqvivalent","<$500","White","Single, never married","0","7","7","5","7","1","5","5","8","6","7","Yes","6","1","3","1","10","$20-$49","Stirling Soap Co. Gold Bond. ","1","7","9","4","6","6","7","5","4","1","No","","","","","","Online retailers. Brand website. ","Convenience ","accessibility ","8","7","3","4","6","6","1"
"2019/03/15 7:51:28 AM CET","Male","50-59","Germany ","Rural area","employee","Master's degree or eqvivalent",">$3000","White","Married or domestic partnership","2","4","3","1","3","1","1","1","1","1","2","No","","","","","","","","","","","","","","","","","1","No","","","","","","","","","","","","","","","1"
"2019/03/15 9:10:14 AM CET","Female","20-29","uk","Big city","student","High school graduate","$500-$799","White","Single, never married","0","8","9","9","10","10","10","10","10","9","10","Yes","9","9","10","7","9","$50-$99","glossier","9","8","9","7","5","5","7","8","9","10","Yes","10","10","10","lip balm","Natural products;Premium products;Quality","","","","","","","","","","10"
"2019/03/15 10:04:20 AM CET","Female","20-29","Germany ","Big city","Student ","Bachelor's degree or eqvivalent","<$500","White","Single, never married","0","4","3","1","9","6","4","3","3","1","8","Yes","10","6","6","1","6","<$10","The Ordinary, Paula's Choice ","8","10","9","5","1","4","7","5","1","3","No","","","","","","Amazon, Douglas ","","","9","6","2","2","1","","5"
"2019/03/15 10:10:14 AM CET","Female","<20","Australia","Rural area","Unemployed.","High school graduate","<$500","Asian / Pacific","Single, never married","0","10","3","10","8","3","5","1","2","1","5","Yes","9","7","6","1","1","$10-$19","I use any brand there is as long as there's positive reviews for it. ","5","9","9","5","9","7","5","7","5","1","No","","","","","","","","","","","","","","","2"
"2019/03/15 10:44:13 AM CET","Male","20-29","USA","Rural area","N/A","Bachelor's degree or eqvivalent","$1000-$1499","White","Single, never married","0","10","8","8","10","1","3","1","8","1","10","Yes","10","5","5","1","8","$10-$19","Not just one brand, I shop around and try different ones","10","10","10","5","1","1","1","1","8","1","No","","","","","","Amazon usually","Convenient, free prime shipping, I can read reviews and check information about the product, and I can easily shop around/compare products","The free shipping honestly haha","10","6","2","8","2","1","5"
"2019/03/15 10:51:02 AM CET","Male","40-49","Netherlands","Small town","Software Architect","High school graduate","$1500-$3000","White","Separated / Divorced","0","6","3","1","3","2","1","3","10","1","3","No","3","1","1","1","1","$10-$19","Don't even know. Don't consider brands to be important. I go for price, smell and functionality.","3","8","7","1","1","1","1","1","3","1","No","","","","","","","","","","","","","","","1"
"2019/03/15 11:29:41 AM CET","Female","20-29","France","Big city","Student","Master's degree or eqvivalent","$800-$1000","White","Single, never married","0","7","3","1","7","7","10","3","10","6","7","Yes","8","8","7","1","1","<$10","Alterra, La Roche-Posay","9","8","10","5","1","1","8","1","9","5","No","","","","","","","","","","","","","","","1"
"2019/03/15 11:44:31 AM CET","Female","20-29","Russia","Big city","student","Bachelor's degree or eqvivalent","$500-$799","Other","Single, never married","0","8","2","1","1","2","4","1","6","1","3","Yes","6","3","9","1","1","<$10","Clearasil, Nivea, stopproblem, Чистая Линия, ВИТЭКС (Black Clean)","3","10","10","5","1","2","4","4","4","1","No","","","","","","","","","","","","","","","2"
"2019/03/15 11:44:52 AM CET","Female","20-29","USA","Big city","Student","Bachelor's degree or eqvivalent","$500-$799","Asian / Pacific","Single, never married","0","7","7","8","10","8","8","5","10","6","9","Yes","9","10","9","8","10","$20-$49","Kiehl’s, CosRx, Laneige, Origins","8","8","10","4","8","9","9","9","9","10","Yes","9","10","10","Midnight recovery concentrate","Kiehl's Customer Representatives (store experts in white lab coats);Free samples;Quality","Kiehl’s.com","Free samples, reward points","Free samples, reward points","10","8","4","5","8","6","10"
"2019/03/15 11:59:37 AM CET","Female","<20","Sweden","Big city","Student","High school graduate","<$500","White","Married or domestic partnership","0","6","8","2","7","6","3","3","8","7","5","No","","","","","","","","","","","","","","","","","1","No","","","","","","","","","","","","","","","5"
"2019/03/15 12:12:23 PM CET","Female","20-29","USA","Small town","Registered Nurse","Bachelor's degree or eqvivalent","$800-$1000","Asian / Pacific","Single, never married","0","7","4","3","9","8","8","6","10","4","8","Yes","7","6","7","2","6","$10-$19","Multiple brands","4","4","9","7","3","3","7","4","3","1","No","","","","","","","","","","","","","","","6"
"2019/03/15 12:15:02 PM CET","Female","<20","Finland","Big city","Student ","High school graduate","<$500","White","Single, never married","0","8","4","3","9","5","6","1","6","2","8","Yes","6","5","5","2","1","<$10","Nivea, L'Oréal, Garnier ","6","10","9","4","4","3","1","2","6","3","No","","","","","","","","","","","","","","","1"
"2019/03/15 12:30:39 PM CET","Female","20-29","germany","Big city","-","High school graduate","<$500","White","Single, never married","0","6","4","1","4","1","1","1","8","1","6","Yes","6","6","7","1","1","<$10","Neutrogena, Bebe, Balea","3","10","7","1","5","3","7","7","8","1","No","","","","","","","","","","","","","","","1"
"2019/03/15 12:39:59 PM CET","Female","20-29","Canada","Small town","Garden center","High school graduate","$500-$799","White","Married or domestic partnership","0","6","1","1","5","2","1","2","9","1","2","Yes","7","1","5","1","1","<$10","No specific brand","7","10","8","2","1","1","1","3","2","1","No","","","","","","","","","","","","","","","1"
"2019/03/15 12:42:13 PM CET","Female","30-39","UK","Big city","Operations Manager (law firm)","High school graduate","$1500-$3000","White","Married or domestic partnership","0","6","4","5","9","6","1","3","6","7","9","Yes","9","9","10","2","2","$50-$99","No 7; Liz Earle","6","7","9","5","4","3","2","1","6","5","No","","","","","","","","","","","","","","","6"
"2019/03/15 12:52:31 PM CET","Male","20-29","Australia","Big city","Student","Bachelor's degree or eqvivalent","$800-$1000","White","Single, never married","0","4","6","1","7","6","3","10","9","2","1","No","","","","","","","","","","","","","","","","","1","No","","","","","","","","","","","","","","","1"
"2019/03/15 1:26:36 PM CET","Female","20-29","Liechtenstein","Rural area","Quality","Master's degree or eqvivalent",">$3000","White","Single, never married","0","7","6","4","7","8","3","4","7","5","4","Yes","3","2","8","1","1","<$10","","5","7","8","6","4","6","4","3","8","7","No","8","6","8","","Premium products;Quality","","","","","","","","","","3"
"2019/03/15 1:28:07 PM CET","Female","20-29","Malaysia","Big city","Student","Bachelor's degree or eqvivalent","$500-$799","Asian / Pacific","Single, never married","0","10","4","9","10","8","8","4","10","7","6","Yes","9","5","2","1","1","$10-$19","Good Values","10","9","9","6","10","10","6","8","10","9","No","","","","","","","","","","","","","","","10"
"2019/03/15 1:46:44 PM CET","Male","<20","New Zealand","Big city","University Student","Master's degree or eqvivalent","$500-$799","Asian / Pacific","Single, never married","0","10","4","7","10","8","9","8","10","7","10","Yes","8","6","8","1","5","$20-$49","Shiseido","7","9","10","8","5","7","8","8","9","9","Yes","9","7","10","Night time moisturizer","Natural products;Premium products","","","","","","","","","","6"
"2019/03/15 1:48:59 PM CET","Female","30-39","Germany","Big city","Teacher","Master's degree or eqvivalent","$1500-$3000","White","Single, never married","0","10","6","3","8","5","1","1","5","3","9","Yes","9","8","3","3","6","$20-$49","Bioré, Garnier, La Roche Posay, Shiseido","4","8","10","6","3","2","8","4","6","1","No","","","","","","Douglas, Amazon","Fast, reliable","Fast","8","7","5","7","7","3","1"
"2019/03/15 1:55:04 PM CET","Male","20-29","Ireland","Big city","Student","High school graduate","$800-$1000","White","Single, never married","0","9","4","4","9","7","9","2","10","7","7","Yes","3","3","8","2","1","$20-$49","Aveeno, Aleve","3","8","7","5","1","3","3","3","7","1","No","","","","","","","","","","","","","","","1"
"2019/03/15 2:18:10 PM CET","Female","30-39","United States","Small town","Nanny","Bachelor's degree or eqvivalent","$1500-$3000","White","Married or domestic partnership","0","3","8","10","7","9","7","6","10","6","8","Yes","9","7","9","1","3","$10-$19","Oil of Olay","6","9","10","8","3","9","8","9","10","1","No","","","","","","Amazon","It's fast shipping with Prime and I usually don't remember to buy until my product is gone so I need more right away","I can ship it to my house or work and not have to go to the store","10","9","1","4","2","3","1"
"2019/03/15 2:43:58 PM CET","Male","<20","Usa","Small town","Student","High school graduate","<$500","White","Single, never married","0","6","5","1","3","3","1","2","4","1","1","No","","","","","","","","","","","","","","","","","1","No","","","","","","","","","","","","","","","1"
"2019/03/15 2:46:23 PM CET","Female","20-29","Italy","Small town","Student","Master's degree or eqvivalent","<$500","White","Single, never married","0","5","2","8","7","1","3","3","3","4","7","Yes","6","6","5","5","2","$10-$19","Clinique ","4","6","9","7","4","6","8","1","3","5","No","","","","","","","","","","","","","","","2"
"2019/03/15 3:30:14 PM CET","Female","20-29","US","Big city","Server / student","Master's degree or eqvivalent","$500-$799","White","Single, never married","0","6","9","8","9","6","6","2","9","9","8","Yes","8","8","4","2","9","$50-$99","Lush, coola, glossier, boscia, tatcha","7","7","10","8","8","4","5","7","8","7","No","","","","","","The brands’ websites, Sephora ","Only options ","Deals, good websites ","8","8","8","6","4","5","8"
"2019/03/15 3:55:51 PM CET","Female","20-29","Germany","Big city","Student","High school graduate","$500-$799","White","Single, never married","0","5","3","7","9","6","9","9","10","7","10","Yes","9","10","8","2","1","$100-$199","La Roche Posay & LUSH","9","2","7","9","7","6","10","10","10","10","Yes","4","3","1","","New York;L'Oreal","","","","","","","","","","2"
"2019/03/15 4:01:34 PM CET","Male","20-29","USA","Small town","Nurse","Bachelor's degree or eqvivalent","$1000-$1499","White","Single, never married","0","7","9","9","8","3","4","3","10","6","7","Yes","8","8","3","1","6","$10-$19","Unscented ones. Free and Clear, vanicream, cerave etc","1","7","10","3","1","6","3","7","3","7","No","","","","","","Amazon","Prime","Variety, free shipping ","7","8","5","8","1","3","7"
"2019/03/15 4:52:54 PM CET","Male","20-29","Israel","Small town","Software Engieneer","Bachelor's degree or eqvivalent",">$3000","White","Single, never married","0","10","10","10","10","10","10","10","10","10","10","Yes","10","10","10","10","10",">$200","Garnier","10","10","10","10","10","10","10","10","10","10","Yes","10","10","10","Mr.Bones","Kiehl's Customer Representatives (store experts in white lab coats);Mr. Bones;Harley Davidson;Free samples;Natural products;Premium products;New York;Quality;Social initiatives - for curing AIDS, helping children and protecting the environment;L'Oreal","ssd","sdsdf","sfsfs","10","10","10","10","10","10","10"
"2019/03/15 5:03:49 PM CET","Female","20-29","Israel ","Big city","Student ","High school graduate","<$500","White","Single, never married","0","8","7","3","10","4","1","1","10","7","7","Yes","10","7","5","1","7","<$10","No brands. Natural products like shea butter etc","10","10","10","1","1","1","1","1","10","5","No","","","","","","","","","","","","","","","1"
"2019/03/15 5:09:33 PM CET","Female","20-29","United Kingdom","Small town","Purchasing","Bachelor's degree or eqvivalent","$1500-$3000","White","Single, never married","0","7","5","3","8","3","4","2","7","3","9","Yes","9","5","3","1","7","<$10","Cerave, The Ordinary","2","7","8","4","2","3","3","4","1","2","No","","","","","","Beauty Bay","They're one of the only places in the UK which sells The Ordinary","Cheap","7","3","1","8","3","7","2"
"2019/03/15 5:16:43 PM CET","Male","<20","United States","Big city","Student","Bachelor's degree or eqvivalent","<$500","White","Single, never married","0","8","3","2","6","8","5","4","9","3","3","No","","","","","","","","","","","","","","","","","7","No","","","","","","","","","","","","","","","2"
"2019/03/15 5:45:25 PM CET","Female","<20","hong kong","Rural area","nothing","No schooling completed","<$500","White","Single, never married","0","3","4","4","3","1","1","4","3","1","1","No","4","5","4","4","3","$10-$19","","4","3","4","6","4","3","4","2","6","4","No","3","2","4","","Mr. Bones","","","","4","4","4","5","6","4","5"
"2019/03/15 5:51:47 PM CET","Male","20-29","Iceland","Big city","IT Workshop technician","High school graduate",">$3000","White","Single, never married","0","10","8","1","3","2","2","2","10","3","1","No","","","","","","","","","","","","","","","","","1","No","","","","","","","","","","","","","","","1"
"2019/03/15 11:16:34 PM CET","Male","<20","Austria","Big city","Selling","Nursery school to 8th grade","$1000-$1499","White","Single, never married","0","6","4","7","7","8","7","8","10","6","9","Yes","9","7","8","1","1","$10-$19","Rituals, Nivea and some more","8","3","10","7","1","1","4","1","9","1","No","","","","","","","","","","","","","","","4"
"2019/03/15 11:43:34 PM CET","Male","20-29","Estonia","Big city","Software developer","High school graduate","$1000-$1499","White","Single, never married","0","8","2","1","3","4","2","5","7","1","5","No","1","3","3","1","2","<$10","anything","3","7","6","5","6","3","2","2","7","1","No","","","","","","","","","","","","","","","5"
"2019/03/15 11:55:44 PM CET","Female","20-29","Nigeria ","Big city","Youtubber","Bachelor's degree or eqvivalent","$800-$1000","Black or African","Single, never married","0","3","8","10","10","6","5","4","8","8","6","Yes","10","10","8","6","8","$10-$19","DIY","10","10","10","10","7","7","5","10","","1","No","","","","","","Jumia","Because it’s trusted ","Fast delivery and good customer care reception ","9","1","1","8","4","5","6"
"2019/03/16 12:04:00 AM CET","Female","20-29","USA","Small town","N/A","High school graduate","<$500","White","Single, never married","0","7","4","1","6","2","3","1","9","1","5","Yes","4","4","6","1","1","<$10","","6","9","7","5","7","3","4","9","7","1","No","","","","","","","","","","","","","","","5"
"2019/03/16 12:34:49 AM CET","Female","<20","USA","Small town","Student","High school graduate","<$500","White","Single, never married","0","8","2","1","10","6","10","3","8","7","6","Yes","6","5","8","7","1","<$10","ELF, pacifica","6","7","9","5","4","4","1","7","6","1","No","","","","","","","","","","","","","","","5"
"2019/03/16 3:27:58 AM CET","Male","20-29","USA","Small town","Energy Analyst","Bachelor's degree or eqvivalent",">$3000","White","Single, never married","0","3","7","5","7","6","5","8","8","3","3","No","","","","","","","","","","","","","","","","","1","No","","","","","","","","","","","","","","","5"
"2019/03/16 4:56:19 AM CET","Male","20-29","Sweden","Small town","Web Developer","Bachelor's degree or eqvivalent","$800-$1000","Asian / Pacific","Single, never married","0","10","3","5","7","5","5","5","5","4","6","No","10","10","10","1","5","<$10","","5","5","10","10","5","10","10","10","5","1","No","","","","","","","","","","","","","","","1"
"2019/03/16 7:22:52 AM CET","Female","20-29","usa","Small town","Catering","High school graduate","<$500","White","Single, never married","0","6","3","1","5","6","1","4","10","4","9","Yes","10","8","2","1","6","<$10","First Aid Beauty, The Ordinary, BareMinerals, and Sun Bum (sunscreen) ","8","6","10","6","6","8","8","5","10","5","No","","","","","","Ulta and Sephora","They're the most popular, they're consistent and reliable, and they have the best the samples and deals","When they do a bad of samples (especially if they have full sized samples).","8","3","1","10","3","6","3"
"2019/03/16 8:59:02 AM CET","Female","<20","Switzerland","Big city","Computer engineer","High school graduate","$800-$1000","White","Single, never married","0","10","3","3","10","10","10","9","10","3","5","Yes","10","6","6","5","7","$10-$19","Bodyshop","5","3","7","5","8","8","4","6","8","1","No","","","","","","","","","","","","","","","5"
"2019/03/16 10:01:06 AM CET","Female","20-29","United Kingdom ","Small town","Student ","Bachelor's degree or eqvivalent","<$500","White","Married or domestic partnership","0","7","5","6","9","4","5","1","9","4","6","Yes","5","5","5","4","4","<$10","","5","8","7","4","5","5","4","5","9","1","No","","","","","","","","","","","","","","","1"
"2019/03/16 10:05:13 AM CET","Male","20-29","Malaysia","Big city","Student","Bachelor's degree or eqvivalent","$500-$799","Asian / Pacific","Single, never married","0","10","3","3","6","3","7","3","7","3","4","Yes","5","5","7","3","7","$20-$49","atomy","3","7","7","4","7","5","6","4","4","1","No","","","","","","lazada","it's has wide range of product","wide range of products","7","2","2","6","1","8","5"
"2019/03/16 10:17:36 AM CET","Female","30-39","Sweden","Rural area","Unemployed ","High school graduate","<$500","White","Married or domestic partnership","0","10","6","1","1","1","7","1","10","1","5","Yes","3","1","1","1","1","<$10","","1","10","10","1","1","1","1","1","5","1","No","","","","","","","","","","","","","","","1"
"2019/03/16 10:21:55 AM CET","Male","20-29","Sweden","Big city","Student?","High school graduate","<$500","Hispanic or Latino","Single, never married","0","9","2","1","3","4","3","6","8","1","7","Yes","3","2","6","1","4","<$10","Bulldog","1","9","7","5","4","1","1","1","6","1","No","","","","","","","","","","","","","","","3"
"2019/03/16 12:01:21 PM CET","Female","20-29","USA","Big city","Medical student","Doctorate degree","<$500","White","Single, never married","0","9","8","2","6","5","5","5","5","3","9","Yes","10","7","6","3","10","$10-$19","Many different brands, too many to list","2","7","8","5","2","7","7","6","3","6","No","","","","","","Amazon","Convenient, can get AB products","Good selection of AB products","8","7","1","10","1","5","2"
"2019/03/16 12:10:00 PM CET","Male","<20","Singapore","Big city","Firefighter","High school graduate","$1000-$1499","Other","Single, never married","0","6","4","1","8","7","8","10","10","8","7","Yes","6","3","2","1","1","$20-$49","Garnier","3","5","8","5","3","1","1","3","7","7","Yes","5","5","5","","Kiehl's Customer Representatives (store experts in white lab coats);Mr. Bones","","","","","","","","","","3"
"2019/03/16 5:23:22 PM CET","Male","20-29","Philippines","Big city","Medical Student","Master's degree or eqvivalent","<$500","Asian / Pacific","Single, never married","0","10","2","8","9","7","9","8","3","2","8","Yes","9","9","8","1","2","$10-$19","Aveeno, Dove","8","9","10","4","2","1","1","1","2","1","No","","","","","","Lazada","Convenient","Can buy anything","9","4","2","4","4","6","5"
"2019/03/16 5:48:00 PM CET","Female","20-29","UK","Small town","Student","Bachelor's degree or eqvivalent","<$500","White","Single, never married","0","8","8","9","10","6","6","2","7","6","10","Yes","7","9","10","7","6","<$10","Simple and Clarins","7","9","8","5","1","6","1","1","8","1","No","","","","","","Superdrug, Boots, feelunique.com","Trusted stores/website","Easy ","10","8","1","4","2","5","5"
"2019/03/16 5:50:51 PM CET","Male","20-29","Finland","Small town","Student","Bachelor's degree or eqvivalent","<$500","White","Single, never married","0","7","7","2","8","3","2","9","1","3","4","Yes","3","3","5","2","1","<$10","Nivea","3","8","6","3","1","1","1","1","1","1","No","","","","","","","","","","","","","","","1"
"2019/03/16 8:11:24 PM CET","Female","30-39","USA","Rural area","Sales","Bachelor's degree or eqvivalent","$1500-$3000","White","Married or domestic partnership","0","9","5","9","10","4","1","2","9","2","4","Yes","7","4","5","1","6","<$10","Not loyal to any 1 brand","5","7","8","4","1","1","1","1","8","1","No","","","","","","Amazon ","Convenient ","Ease, reviews","10","6","1","1","5","6","1"
"2019/03/16 8:25:15 PM CET","Female","20-29","india","Small town","assistant professor","Doctorate degree","$800-$1000","Asian / Pacific","Single, never married","0","8","4","8","8","2","1","5","9","6","7","Yes","7","5","3","1","1","$50-$99","lakme","","7","8","7","7","7","1","7","8","1","No","","","","","","amazon","reliable","variety","8","6","3","6","2","9","5"
"2019/03/16 9:10:02 PM CET","Female","20-29","New Zealand","Big city","Historian","Master's degree or eqvivalent","$1000-$1499","White","Married or domestic partnership","0","5","4","2","7","3","3","8","8","3","9","Yes","8","7","1","1","2","$10-$19","Simple kind to skin, the ordinary, Neutrogena","1","5","10","3","6","3","3","9","5","8","No","","","","","","","","","","","","","","","3"
"2019/03/16 11:27:03 PM CET","Female","20-29","United States","Small town","Full-time student, part-time office assistant ","Bachelor's degree or eqvivalent","$500-$799","White","Single, never married","0","10","6","4","10","4","2","1","4","2","8","Yes","7","5","5","1","4","$20-$49","A variety (not partial to one brand)","6","10","10","5","1","5","8","3","7","1","No","","","","","","Sephora ","They offer lots of perks and free samples ","They offer lots of perks and free samples ","8","3","2","8","2","6","5"
"2019/03/17 12:24:23 AM CET","Female","20-29","USA","Big city","Student","High school graduate","<$500","White","Single, never married","0","10","4","1","10","10","10","1","5","7","9","Yes","10","9","6","1","1","$10-$19","Neutrogena, Cetaphil, LaRoche Posay ","6","8","10","8","8","5","8","9","6","6","No","","","","","","","","","","","","","","","1"
"2019/03/17 12:25:19 AM CET","Female","<20","USA","Big city","Museum interpreter","Bachelor's degree or eqvivalent","<$500","White","Single, never married","0","5","4","2","8","5","8","1","9","3","10","Yes","9","9","9","1","2","$10-$19","","5","8","10","3","8","3","1","6","5","5","No","","","","","","","","","","","","","","","1"
"2019/03/17 12:54:50 AM CET","Female","20-29","Unitef States ","Big city","Student ","Master's degree or eqvivalent","$500-$799","Asian / Pacific","Single, never married","0","4","5","8","10","9","10","7","10","7","10","Yes","8","8","6","5","1","$10-$19","Olay","7","10","10","6","7","6","4","8","8","8","No","","","","","","","","","","","","","","","5"
"2019/03/17 12:57:45 AM CET","Female","20-29","NA","Rural area","NA","Bachelor's degree or eqvivalent","$800-$1000","White","Single, never married","0","10","7","7","10","10","6","2","10","7","10","Yes","10","1","10","1","10","$50-$99","Most Korean brands","8","4","10","6","1","5","4","5","10","1","No","","","","","","beautynetkorea","convenient","","10","10","10","8","10","8","1"
"2019/03/17 2:35:54 AM CET","Male","<20","Belgium","Small town","Student","No schooling completed","<$500","White","Single, never married","0","5","4","1","5","7","3","7","10","7","1","No","","","","","","","","","","","","","","","","","1","No","","","","","","","","","","","","","","","5"
"2019/03/17 4:27:54 AM CET","Female","<20","United States","Small town","Student","High school graduate","<$500","White","Single, never married","0","6","6","2","3","4","1","3","8","6","8","Yes","8","4","9","2","1","$20-$49","Simple, Clean and Clear, Oxy","7","6","9","5","3","2","2","2","8","7","No","","","","","","","","","","","","","","","1"
"2019/03/17 4:33:27 AM CET","Male","<20","United States","Rural area","None","High school graduate","$500-$799","White","Single, never married","0","8","3","6","10","8","9","8","9","8","7","No","","","","","","","","","","","","","","","","","2","No","","","","","","","","","","","","","","","5"
"2019/03/17 5:25:49 AM CET","Male","<20","United States","Small town","Student","Bachelor's degree or eqvivalent","<$500","White","Single, never married","0","6","2","2","8","10","6","5","9","6","6","No","1","1","1","1","1","","","","","","","","","","","","1","No","","","","","","","","","","","","","","","1"
"2019/03/17 7:49:15 AM CET","Female","20-29","USA","Big city","College student","Master's degree or eqvivalent","$800-$1000","White","Single, never married","0","3","4","5","8","10","7","10","10","7","10","Yes","10","10","8","1","2","$50-$99","Lush and Cerave","8","10","10","8","10","5","8","2","10","8","No","","","","","","","","","","","","","","","8"
"2019/03/17 8:30:40 AM CET","Male","<20","USA","Small town","Student","High school graduate","<$500","White","Single, never married","0","8","7","3","10","10","10","7","8","7","7","Yes","6","7","7","2","1","$10-$19","Clean & Clear, stridex, clearisil","7","6","10","5","3","5","4","5","6","1","No","","","","","","","","","","","","","","","6"
"2019/03/17 10:05:30 AM CET","Male","<20","Canada","Big city","Computer Technician","Nursery school to 8th grade","$500-$799","Asian / Pacific","Single, never married","0","10","5","5","8","2","3","5","7","4","6","Yes","4","8","8","3","6","$20-$49","","5","7","8","5","5","3","6","5","3","7","Yes","8","5","7","Ultra Facial Cream","Natural products;Premium products;L'Oreal","","","","","","","","","","7"
"2019/03/17 10:58:55 AM CET","Female","30-39","Norway","Big city","Neuroscientist","Doctorate degree",">$3000","White","Married or domestic partnership","2","6","8","2","4","5","3","6","8","6","6","Yes","7","4","4","1","9","$20-$49","Alpha Skin Care, CeraVe","3","8","8","5","2","2","5","5","8","1","No","","","","","","iHerb","It ships cheaply to Norway, which is very rare","It ships cheaply to Norway","8","4","2","3","1","4","4"
"2019/03/17 11:23:46 AM CET","Female","30-39","Australia ","Big city","Beauty therapist and cosmetic tattooist","High school graduate","$1500-$3000","White","Married or domestic partnership","1","3","6","8","7","5","6","3","10","2","10","Yes","10","8","1","1","4","$20-$49","O cosmetics ","5","3","7","8","1","5","1","2","10","1","No","1","1","1","","","","","","","","","","","","1"
"2019/03/17 12:16:02 PM CET","Male","20-29","india","Big city","Buisness","Bachelor's degree or eqvivalent",">$3000","Asian / Pacific","Single, never married","0","10","10","10","10","9","9","7","6","8","8","Yes","8","8","5","5","6","$10-$19","Axe","7","6","7","6","1","10","10","10","10","1","No","","","","","","For Grooming","to look good","it is quite good","10","10","4","8","7","6","10"
"2019/03/17 12:20:48 PM CET","Male","20-29","Cyprus","Big city","unemployed","High school graduate","<$500","White","Single, never married","0","10","5","1","4","1","1","1","5","1","6","No","","","","","","","","","","","","","","","","","1","No","","","","","","","","","","","","","","","1"
"2019/03/17 12:52:37 PM CET","Female","<20","netherlands","Big city","student","Bachelor's degree or eqvivalent","<$500","White","Single, never married","0","5","6","3","10","10","10","8","10","10","10","Yes","10","6","7","10","5","$10-$19","Mario Badescu, garnier, kiehls","8","10","10","5","7","10","1","3","8","6","Yes","10","8","8","moisturizer and face wash and lip balm","Quality","Douglas or any other website the product i am looking for is sold on","because i dont have to go and physically buy it","it arrives to my house","10","4","1","10","2","7","8"
"2019/03/17 12:54:06 PM CET","Female","20-29","England","Big city","Student","Bachelor's degree or eqvivalent","<$500","White","Single, never married","0","8","5","8","8","8","8","5","8","5","7","Yes","5","4","6","3","7","<$10","Simple","6","8","5","5","4","4","4","4","8","6","No","","","","","","Amazon","Easy to us","Quick and easy","7","5","4","5","4","7","5"
"2019/03/17 1:03:58 PM CET","Female","20-29","united kingdom","Big city","student","Master's degree or eqvivalent","<$500","White","Single, never married","0","5","7","6","8","8","8","7","10","7","7","Yes","6","7","7","8","7","$10-$19","Vegan & Cruelty Free Only - I usually use Bao, Siskyn or Lush","8","10","10","6","8","5","8","7","10","6","No","","","","","","Boots, Cult Beauty or the VeganKindSupermarket","Lots of products/brands in one location","Easy to check that products are cruelty free and vegan","10","8","7","7","3","3","5"
"2019/03/17 1:13:58 PM CET","Male","30-39","spain","Small town","Hospitality","High school graduate","$1500-$3000","White","Married or domestic partnership","0","3","5","5","6","4","6","4","10","8","4","No","4","7","7","2","1","<$10","Nivea","3","4","10","4","6","8","3","6","10","1","No","","","","","","","","","","","","","","","1"
"2019/03/17 1:32:33 PM CET","Female","20-29","Russia","Small town","IT Developer","Master's degree or eqvivalent","$1500-$3000","White","Married or domestic partnership","0","4","4","1","1","6","2","7","5","2","8","Yes","10","5","4","7","1","$50-$99","Garnier","5","3","10","10","3","5","5","5","5","1","No","1","1","1","...","nothing","store","...","...","3","2","2","5","4","3","1"
"2019/03/17 1:32:59 PM CET","Female","<20","Germany","Small town","Student","Master's degree or eqvivalent","<$500","White","Single, never married","0","8","6","4","7","10","9","6","10","1","1","No","","","","","","","","","","","","","","","","","1","No","","","","","","","","","","","","","","","1"
"2019/03/17 1:47:03 PM CET","Female","20-29","UK","Big city","Finance","Master's degree or eqvivalent",">$3000","White","Single, never married","0","7","7","3","8","6","6","7","7","1","1","No","","","","","","","","","","","","","","","","","1","No","","","","","","","","","","","","","","","1"
"2019/03/17 2:30:18 PM CET","Female","20-29","uk","Big city","student","Bachelor's degree or eqvivalent","<$500","Black or African","Single, never married","0","9","6","7","8","8","8","8","7","7","6","Yes","9","8","8","7","7","<$10","","8","8","8","8","8","7","8","7","7","7","Yes","7","7","7","eyeliner","Kiehl's Customer Representatives (store experts in white lab coats);Natural products","paypal","secure","good","6","6","6","6","7","6","6"
"2019/03/17 2:49:59 PM CET","Female","20-29","Finland","Big city","Unemployed","High school graduate","$500-$799","White","Single, never married","0","9","5","6","8","4","4","3","7","5","7","Yes","7","5","7","3","2","$10-$19","Nivea, Loreal, Body Shop...","6","7","8","6","1","7","5","2","8","2","No","","","","","","","","","","","","","","","5"
"2019/03/17 3:10:44 PM CET","Male","20-29","Canada","Big city","Student ","Bachelor's degree or eqvivalent",">$3000","White","Single, never married","0","10","3","6","7","4","8","8","8","1","5","Yes","3","1","7","1","1","$10-$19","Dove , Aveeno","2","10","10","7","1","1","1","7","7","1","No","","","","","","","","","","","","","","","5"
"2019/03/17 3:12:30 PM CET","Male","20-29","Russia","Big city","Engineer","Master's degree or eqvivalent","$800-$1000","White","Married or domestic partnership","0","8","2","2","8","5","3","1","3","1","2","Yes","3","3","7","1","1","<$10","","1","5","5","1","1","1","1","1","1","1","No","","","","","","","","","","","","","","","5"
"2019/03/17 3:19:28 PM CET","Female","<20","United States","Small town","Student teacher","High school graduate","<$500","Black or African","Single, never married","0","5","1","1","5","10","4","1","10","7","3","Yes","1","2","8","1","1","<$10","the generic store brand & Noxema","8","10","10","1","1","1","2","10","10","1","No","","","","","","","","","","","","","","","5"
"2019/03/17 4:03:02 PM CET","Female","20-29","Spain","Big city","Unemployed","Bachelor's degree or eqvivalent","<$500","White","Single, never married","0","10","5","3","9","2","10","1","10","2","1","No","1","1","1","1","5","<$10","","1","10","5","5","1","1","5","1","5","1","No","","","","","","","","","","","","","","","1"
"2019/03/17 5:17:46 PM CET","Male","<20","USA","Rural area","student","High school graduate","$500-$799","White","Single, never married","0","5","2","1","9","2","6","1","10","1","3","Yes","","","10","","","<$10","","","","","","","","","","","1","No","","","","","","","","","","","","","","","4"
"2019/03/17 5:24:33 PM CET","Female","<20","United States","Big city","Student","High school graduate","<$500","Hispanic or Latino","Single, never married","0","5","3","7","7","3","3","10","8","7","10","Yes","7","10","6","1","1","$20-$49","Neutrogena ","6","8","9","7","8","9","1","1","10","1","No","","","","","","","","","","","","","","","1"
"2019/03/17 5:25:20 PM CET","Female","20-29","Portugal","Small town","Artist","Bachelor's degree or eqvivalent","<$500","Hispanic or Latino","Married or domestic partnership","0","7","4","1","1","5","2","5","10","4","4","Yes","6","7","9","1","1","<$10","","8","6","10","7","6","9","7","8","10","1","No","","","","","","","","","","","","","","","1"
"2019/03/17 5:30:44 PM CET","Female","20-29","Malta","Small town","Student","Bachelor's degree or eqvivalent","<$500","White","Single, never married","0","6","8","7","10","10","8","6","7","9","9","Yes","5","8","9","7","4","$20-$49","Nivea","8","8","7","7","7","3","7","10","9","6","Yes","7","3","6","Ultra facial cream","Quality","Ebay","Easy to use","Good to browse and fast","7","6","1","3","2","5","6"
"2019/03/17 5:40:30 PM CET","Female","<20","China","Big city","student","Bachelor's degree or eqvivalent","<$500","Asian / Pacific","Single, never married","0","4","5","5","6","6","6","6","6","6","6","Yes","6","6","6","6","6","$10-$19","Clinique","6","6","6","7","6","4","8","6","7","7","Yes","7","6","6","facewash","Quality","idk","idk","idk","6","4","6","6","5","7","5"
"2019/03/17 5:44:13 PM CET","Female","30-39","USA","Big city","SAHM","Bachelor's degree or eqvivalent","<$500","White","Married or domestic partnership","2","4","2","8","8","4","1","2","10","6","8","Yes","10","8","2","1","5","$10-$19","It varies","1","8","10","8","3","8","6","8","8","5","No","","","","","","","","","","","","","","8","1"
"2019/03/17 6:01:03 PM CET","Female","<20","Soutu Africa","Small town","Student","High school graduate","<$500","Black or African","Single, never married","0","8","1","1","8","2","5","1","10","5","10","Yes","6","7","6","3","2","$10-$19","Dove","6","7","10","7","2","8","2","7","7","1","No","","","","","","","","","","","","","","","2"
"2019/03/17 6:15:00 PM CET","Female",">60","Uunited States","Big city","Retired","High school graduate",">$3000","Black or African","Married or domestic partnership","3+","1","5","5","2","7","1","6","10","10","10","Yes","10","8","6","1","1","$20-$49","Mary Kay","10","5","10","5","4","1","10","10","10","5","No","","","","","Only seen advert","","","","5","","1","","","1","5"
"2019/03/17 6:59:12 PM CET","Female","<20","Vietnam ","Big city","Student","High school graduate","<$500","Asian / Pacific","Single, never married","0","6","7","6","5","4","6","5","10","3","6","Yes","5","8","6","4","5","$20-$49","Many brands","7","7","9","6","7","7","4","6","6","6","No","","","","","","","","","","","","","","","8"
"2019/03/17 7:24:42 PM CET","Female","<20","Iran","Big city","Student/freelancer artist","No schooling completed","$1000-$1499","Other","Single, never married","0","10","3","1","2","1","2","5","2","1","1","No","","","","","","","","","","","","","","","","","1","No","","","","","","","","","","","","","","","2"
"2019/03/17 7:25:32 PM CET","Female","20-29","uk","Big city","student","Bachelor's degree or eqvivalent","<$500","White","Single, never married","0","8","9","10","10","8","9","8","10","8","10","Yes","10","10","8","8","6","$20-$49","proactive, kiehls, garnier, nivea","7","7","10","6","9","7","3","7","9","9","Yes","10","10","10","rare earth cleansing mask","Kiehl's Customer Representatives (store experts in white lab coats)","boots","they have a lot of brands","variety, can read reviews","10","8","6","6","5","7","8"
"2019/03/17 8:03:27 PM CET","Male","<20","United States","Small town","Student","High school graduate","<$500","White","Single, never married","0","7","4","8","6","8","4","7","6","3","5","No","","","","","","","","","","","","","","","","","1","No","","","","","","","","","","","","","","","4"
"2019/03/18 12:27:14 AM CET","Female","20-29","USA","Small town","engineer","Master's degree or eqvivalent",">$3000","White","Married or domestic partnership","0","2","5","2","7","8","8","10","9","7","7","Yes","7","6","2","1","5","<$10","stridex, cetaphil, zapzit","3","8","8","2","1","2","1","3","4","5","No","","","","","","amazon, target.com","price and selection","better selection than in-store near me","8","5","1","2","2","5","2"
"2019/03/18 2:04:36 AM CET","Female","20-29","US","Small town","College student","Bachelor's degree or eqvivalent","<$500","Black or African","Single, never married","0","7","7","1","9","6","6","1","7","5","1","Yes","4","10","6","3","1","$20-$49","Depends - a lot of Cetaphil though","6","9","8","5","9","9","7","8","8","1","No","","","","","","","","","","","","","","","1"
"2019/03/18 5:11:17 AM CET","Female","20-29","USA","Big city","Server","High school graduate","$1000-$1499","Other","Single, never married","0","7","7","8","8","7","5","3","6","10","10","Yes","9","7","7","4","8","$50-$99","Many","9","1","10","5","1","1","5","10","6","7","Yes","5","5","6","Lotion","Soko Glam","Soko Glam, Amazon, The specific brands website.","Access, prices and product availability.","Product availability ","7","10","2","10","2","9","8"
"2019/03/18 10:31:26 AM CET","Female","30-39","Australia","Big city","Public servant","Master's degree or eqvivalent",">$3000","White","Married or domestic partnership","0","5","6","2","5","6","2","2","2","5","8","Yes","9","8","3","1","8","$20-$49","CeraVe, Skinstitut, skinfood, BCL, Benton, Petitfree, Etude House, Biore","5","5","9","6","5","5","4","1","7","5","No","","","","","","iherb, dokodemo, sweetcorea","because it allows me access to products that are unavailable to me in-store in my city","cheap, reliable","7","7","4","9","8","5","1"
"2019/03/18 2:47:53 PM CET","Female","20-29","USA","Big city","Student","Bachelor's degree or eqvivalent","<$500","Hispanic or Latino","Single, never married","0","10","5","4","8","2","8","1","9","8","10","Yes","8","9","8","5","2","$20-$49","CERAVE, cetaphil","6","10","10","6","6","6","5","5","8","10","Yes","6","6","5","Creamy under eye avocado treatment","New York","","","","","","","","","","5"
"2019/03/18 6:03:50 PM CET","Female","20-29","UK","Big city","Customer Service ","Bachelor's degree or eqvivalent","$1500-$3000","White","Single, never married","0","7","8","9","10","6","8","4","10","5","7","Yes","8","3","8","3","9","$20-$49","Cetaphil, EcoFeminii, Mario Badescu, Boots","8","10","10","5","4","6","3","3","10","1","No","","","","","","Amazon","Cheap, convenient, fast delivery","Price, easy to compare similar products","9","8","6","7","3","4","1"
"2019/03/18 8:42:04 PM CET","Female","20-29","United States","Small town","Business Management","Bachelor's degree or eqvivalent","$1500-$3000","Hispanic or Latino","Single, never married","0","8","6","9","10","3","3","1","10","8","8","Yes","8","8","8","8","5","$10-$19","Asepxia, PréDiré Paris, Bionyx, Mario Badescu","7","8","10","8","9","8","8","7","8","1","No","","","","","","","","","","","","","","","1"
"2019/03/18 9:37:01 PM CET","Female","30-39","USA","Big city","Unemployed/Student","Bachelor's degree or eqvivalent","<$500","Asian / Pacific","Single, never married","0","5","3","4","7","4","7","2","8","7","9","Yes","8","7","6","3","3","$20-$49","Fresh, Keihl's, Caudalie","6","5","10","6","8","6","8","7","7","9","Yes","8","10","8","Avocado Eye Cream","Natural products;Premium products;Quality","Sephora App","With the Sephora membership I get points, early access to sales, and better samples than I would get in store","The variety of brands and the membership benefits","10","6","5","6","5","8","3"
"2019/03/18 10:53:41 PM CET","Female","20-29","Canada","Rural area","Interior Designer","Bachelor's degree or eqvivalent","$1000-$1499","White","Single, never married","0","7","7","10","10","9","9","10","10","7","10","Yes","10","9","9","7","7","$50-$99","Kiehl's, Cerave, First Aid Beauty, Dermalogica","8","10","10","6","5","2","6","10","9","9","Yes","9","10","8","Ultra Facial Cream","Kiehl's Customer Representatives (store experts in white lab coats);Natural products;Premium products;Quality","Sephora","Convenient and easy to find products","Able to read reviews about products, fast shipping and good customer service.","10","10","4","6","3","7","7"
"2019/03/18 11:07:22 PM CET","Female","20-29","Germany","Small town","Student","Master's degree or eqvivalent","$1000-$1499","White","Married or domestic partnership","0","8","9","4","10","8","6","9","10","9","10","Yes","10","9","9","1","10","$20-$49","diverse","5","10","10","9","10","6","7","10","10","10","Yes","8","","8","midnight serum","Kiehl's Customer Representatives (store experts in white lab coats)","","","","","10","3","10","2","1","8"
"2019/03/19 3:10:31 AM CET","Female","20-29","Usa","Big city","Sales","High school graduate",">$3000","White","Single, never married","0","10","7","7","8","5","7","4","4","5","8","Yes","8","5","6","1","1","$10-$19","Fresh, biore","7","6","9","8","1","3","7","1","8","7","No","1","6","1","Na","Social media ","Amazon, Sephora ","Convenient ","Reviews","8","10","1","8","2","10","10"
"2019/03/19 4:38:07 AM CET","Female","20-29","United States","Rural area","Student","Bachelor's degree or eqvivalent","$800-$1000","White","Single, never married","0","8","4","4","5","6","8","2","10","5","5","No","","","","","","","","","","","","","","","","","1","No","","","","","","","","","","","","","","","2"
"2019/03/19 1:54:56 PM CET","Female","20-29","Finland","Big city","Marketing Specialist Northern Europe","Bachelor's degree or eqvivalent",">$3000","White","Single, never married","0","8","9","6","9","7","7","7","4","8","6","Yes","7","7","4","1","5","<$10","various brands, my favorite is Lumene","8","6","9","6","1","3","2","1","6","5","No","","","","","","Whichever I find","Convenience, no time for offline shopping","Speed & convenience","5","3","1","3","1","8","4"
"2019/03/19 3:00:10 PM CET","Female","20-29","Hungary","Big city","Marketing","Bachelor's degree or eqvivalent","$800-$1000","White","Single, never married","0","10","8","5","10","8","9","10","9","8","7","Yes","8","8","7","7","3","$10-$19","Ordinary, Helia-D, Neutrogena","7","6","10","5","8","7","4","3","8","7","No","","","","","","Online drugstore's, or shops like ASOS","it's convienient","fast, easy","9","9","3","8","7","5","8"
"2019/03/19 3:09:54 PM CET","Male","20-29","engladn","Big city","supervisor","Bachelor's degree or eqvivalent","$1000-$1499","White","Single, never married","0","2","2","2","2","4","7","6","6","6","6","Yes","4","7","5","3","6","$20-$49","kiehls","7","8","10","6","6","","9","","7","10","Yes","8","8","10","face lotion","Natural products;Premium products;New York;Quality;L'Oreal","online","easier","efficency","7","5","6","8","1","5","8"
"2019/03/19 4:00:17 PM CET","Female","20-29","Germany","Small town","a chemist","Master's degree or eqvivalent","$1000-$1499","White","Single, never married","0","9","5","1","4","5","4","6","7","4","5","Yes","6","6","7","2","2","<$10","Yves Rocher","7","7","7","6","7","6","7","7","7","1","No","","","","","","Fragonard website","I use their poducts","Nice graphic, fast and professional international service","8","4","1","1","2","8","2"
"2019/03/19 5:01:34 PM CET","Female","20-29","United Kingdom ","Small town","Student ","Bachelor's degree or eqvivalent","<$500","White","Single, never married","0","4","7","3","6","5","6","4","10","7","8","Yes","8","8","7","8","8","$20-$49","Burts Bees, Kiehls, Origins ","8","6","8","7","5","6","2","2","7","8","Yes","8","8","8","Kiehls creamy eye treatment with avocado","Quality","the brands website or places which sell a variety of products like asos ","online places like asos often sell the product cheaper ","variety ","8","6","1","7","2","1","8"
"2019/03/19 6:02:21 PM CET","Female","20-29","United States","Rural area","Marketing ","Bachelor's degree or eqvivalent","$1000-$1499","White","Single, never married","0","8","5","10","10","10","10","4","7","7","10","Yes","10","10","10","1","3","$20-$49","Different kinds. ","7","10","10","6","1","1","10","10","7","7","Yes","7","7","5","Ultra toner","Premium products;Quality","Buy enough for free shop or ship to store","I don’t like to pay extra for shipping ","That I don’t have to spend money on shipping ","6","10","1","10","6","10","7"
"2019/03/19 9:40:16 PM CET","Female","30-39","Australia ","Big city","Business owner","Bachelor's degree or eqvivalent",">$3000","White","Married or domestic partnership","1","7","8","8","10","9","9","6","10","5","10","Yes","10","10","7","5","10","$20-$49","R+F","7","7","10","10","8","7","10","9","10","5","No","","","","","","Website ","Only method","Easy","10","10","3","3","5","5","1"
"2019/03/19 10:39:37 PM CET","Female","40-49","Barbados","Rural area","Administrative Assistant","High school graduate","$800-$1000","Black or African","Single, never married","0","8","7","1","3","8","8","5","10","9","10","Yes","10","8","9","8","7","$20-$49","Face washes, Cleansers, Masks, Toners, Moisturisers, Scrubs","9","10","10","8","10","10","10","10","10","10","Yes","10","9","10","","Natural products;Premium products;Quality","Usually the company's site, Sephora or Ulta","","","10","10","4","6","4","5","10"
"2019/03/20 12:09:23 AM CET","Female","<20","US","Small town","Student","Nursery school to 8th grade","<$500","White","Single, never married","0","8","6","10","10","5","7","5","8","8","10","Yes","10","5","8","10","8","$20-$49","Derma E, Freeman, Palmers, L’Oréal, ELAX, Victoria’s Secret, Aveeno, etc","5","6","7","6","1","4","5","7","5","1","No","","","","","","Ulta, Amazon, Victoria’s Secret ","Reliable and cute stuff","Easy and familiar ","8","6","5","5","4","3","2"
"2019/03/20 9:53:04 AM CET","Female","30-39","Nigeria","Big city","Public servant ","Bachelor's degree or eqvivalent","<$500","Black or African","Single, never married","0","10","3","2","6","4","4","5","5","5","9","Yes","7","10","8","2","1","$20-$49","Organic","10","5","7","8","1","6","7","6","5","1","No","","","","","","","","","","","","","","","5"
"2019/03/20 12:07:58 PM CET","Male","20-29","England","Rural area","Student","Bachelor's degree or eqvivalent","<$500","White","Single, never married","0","1","2","3","7","6","8","9","6","2","3","Yes","2","2","2","2","2","$10-$19","Nivea","2","8","6","3","3","8","2","2","5","1","No","","","","","","","","","","","","","","","1"
"2019/03/20 2:00:42 PM CET","Female","30-39","Usa","Big city","Administrative Assistant","High school graduate",">$3000","White","Married or domestic partnership","0","8","8","7","9","4","9","1","7","4","5","Yes","1","5","7","1","10","<$10","Oil of olay","3","10","7","5","1","","5","9","6","1","No","","","","","","Amazon","I have prime","Amazon has everything and i have free 2 day shipping","10","4","1","3","3","7","2"
"2019/03/20 2:27:46 PM CET","Female","20-29","Wales","Big city","Student","High school graduate","$500-$799","White","Married or domestic partnership","0","6","3","3","9","6","10","8","9","9","10","Yes","10","9","7","3","4","$10-$19","Lush, Superdrug","8","8","10","5","8","8","3","3","10","5","No","","","","","","","","","","","","","","","5"
"2019/03/20 4:02:08 PM CET","Female","20-29","Polish","Big city","Student","Bachelor's degree or eqvivalent","$1000-$1499","White","Single, never married","0","10","3","1","10","4","7","3","8","8","9","Yes","8","9","9","1","1","$10-$19","Innisfree (Korean brand)","8","9","10","6","6","8","8","6","9","1","No","","","","","","Online retailers","Good price, many products available ","Price","9","3","1","5","6","9","7"
"2019/03/20 4:20:31 PM CET","Female","20-29","Netherlands","Big city","Student ","Bachelor's degree or eqvivalent","$500-$799","White","Single, never married","0","7","9","9","8","7","8","9","5","7","10","Yes","10","6","9","7","10","$20-$49","loreal, clinique ","5","5","7","6","5","7","3","5","3","1","No","","","","","","phone","its fast","","7","8","4","6","","3","8"
"2019/03/20 4:25:15 PM CET","Female","20-29","USA","Small town","Student","Master's degree or eqvivalent","$500-$799","White","Married or domestic partnership","0","7","8","7","8","6","6","6","10","5","6","Yes","6","7","6","4","4","$10-$19","Varies","6","9","9","6","6","6","6","5","10","1","No","","","","","","Amazon ","They ship to where I live ","See above","8","6","3","7","6","6","6"
"2019/03/20 4:48:28 PM CET","Female","20-29","Italy","Small town","Student","Bachelor's degree or eqvivalent","<$500","White","Married or domestic partnership","0","6","5","7","9","7","8","8","10","6","8","Yes","8","9","6","4","1","$10-$19","Garnier","3","9","8","3","1","7","10","3","8","1","No","","","","","","","","","","","","","","1","4"
"2019/03/20 4:48:52 PM CET","Female","<20","Singapore","Small town","Student","High school graduate","$500-$799","Asian / Pacific","Single, never married","0","8","4","6","7","6","8","9","5","7","5","Yes","6","1","8","1","2","$10-$19","Moisturiser, baby oil","10","10","10","7","7","1","1","1","7","6","No","","","","","","","","","","","","","","","1"
"2019/03/20 5:56:39 PM CET","Female",">60","usa","Small town","Retired Computer Support/teacher","Bachelor's degree or eqvivalent","$1000-$1499","White","Separated / Divorced","1","6","3","4","6","5","2","3","7","5","8","Yes","8","5","5","1","1","$10-$19","ole, various","5","8","8","3","1","2","5","5","9","1","No","","","","","","","","","","","","","","","1"
"2019/03/20 5:56:44 PM CET","Male","40-49","uk","Big city","sales","Master's degree or eqvivalent",">$3000","White","Separated / Divorced","0","8","8","4","7","8","6","7","8","2","1","No","","","","","","","","","","","","","","","","","5","No","","","","","","","","","","","","","","","1"
"2019/03/20 5:59:24 PM CET","Female","30-39","United States","Small town","Editor","Master's degree or eqvivalent",">$3000","White","Married or domestic partnership","0","9","7","3","8","3","10","10","10","6","10","Yes","10","10","2","1","5","$20-$49","Vanicream, Avene, Neutrogena","6","8","10","6","4","1","3","3","9","6","No","","","","","","Amazon","Easy to use","Fast delivery","10","10","1","5","1","5","3"
"2019/03/20 6:17:29 PM CET","Female","20-29","Mexico ","Big city","Unemployed ","High school graduate","<$500","Hispanic or Latino","Single, never married","0","10","6","3","10","2","6","6","10","5","10","Yes","10","10","2","1","5","$20-$49","Roche ","6","7","10","5","1","2","9","9","10","8","No","7","7","4","","Premium products","","","","10","7","1","10","4","10","6"
"2019/03/20 6:25:26 PM CET","Female","30-39","US","Small town","Insurance agent ","Bachelor's degree or eqvivalent",">$3000","White","Married or domestic partnership","1","5","5","2","9","7","10","3","1","1","9","Yes","10","8","2","1","4","$20-$49","Lancôme ","1","2","10","9","1","2","1","10","1","3","No","","","","","","Lancôme website or dept store website","Discounts and I live in a small town so convenience","Quick shipping ","9","3","1","1","1","5","5"
"2019/03/20 7:12:57 PM CET","Female","30-39","United States","Big city","Account Manager","High school graduate","$1500-$3000","White","Married or domestic partnership","0","4","8","9","9","6","8","5","7","6","10","Yes","8","7","8","2","5","$20-$49","Drunk Elephant, Sunday Reilly, Neogen, Youth to the People, Belif, Josie Maran, Glow Recipe, Farmacy","9","6","10","6","7","7","8","4","9","8","No","4","7","3","","Free samples;Sephora","Sephora.com","I’m a rewards member and there are often “online only” exclusive offers through their website","I had free 2-day shipping and the ability to look up past samples and purchases to ease the shopping process ","10","8","7","3","2","8","1"
"2019/03/20 7:17:56 PM CET","Female","30-39","United States","Small town","Manager","Bachelor's degree or eqvivalent",">$3000","White","Married or domestic partnership","0","5","8","4","9","4","4","6","5","3","10","Yes","7","5","7","1","9","$20-$49","Kiehls","8","6","10","8","1","7","9","1","2","10","Yes","8","8","8","Midnight Restoring Cream","Quality","Kiehls website or Amazon","Convenience & samples","samples","10","8","1","1","5","3","10"
"2019/03/20 7:50:42 PM CET","Male","50-59","usa","Small town","engineer","Bachelor's degree or eqvivalent",">$3000","White","Married or domestic partnership","3+","4","5","1","3","3","1","8","8","1","1","No","","","","","","","","","","","","","","","","","1","No","","","","","","","","","","","","","","","1"
"2019/03/20 8:08:09 PM CET","Female","30-39","Unites states","Big city","Recruiter ","Bachelor's degree or eqvivalent",">$3000","White","Single, never married","0","10","10","8","8","8","7","6","10","7","9","Yes","10","8","9","5","10","$20-$49","Eminence, drunk elephant, the ordinary ","9","8","8","6","3","5","6","10","9","8","No","","","","","","Amazon","Convenience","Price and convenience ","10","8","1","7","5","1","1"
"2019/03/20 8:23:37 PM CET","Female","50-59","USA","Big city","Admin Assistant","Bachelor's degree or eqvivalent","$1500-$3000","White","Married or domestic partnership","0","8","6","2","7","8","8","4","5","5","9","Yes","7","6","6","6","3","$10-$19","L'Oreal","1","8","7","5","5","5","6","5","5","1","No","","","","","","Amazon","Variety and price","Free shipping","6","5","2","5","6","7","1"
"2019/03/20 8:25:32 PM CET","Female","30-39","USA","Rural area","Healthcare","High school graduate","$1500-$3000","White","Single, never married","0","7","7","2","8","6","7","10","8","7","7","Yes","8","3","5","1","6","$20-$49","Clinique, Olay, small brands","7","3","10","7","2","4","4","3","7","8","No","","","","","","Amazon","Convenient","Fast","8","3","1","8","3","2","5"
"2019/03/20 8:27:32 PM CET","Female","40-49","Us","Small town","It","Bachelor's degree or eqvivalent",">$3000","White","Separated / Divorced","1","8","9","9","10","9","5","1","10","4","8","Yes","9","2","9","2","2","$50-$99","Neutrogena ","5","9","10","5","6","8","8","10","10","1","No","","","","","","Sephora","Easy","Ease of site navigation","9","3","1","8","2","1","3"
"2019/03/20 9:56:55 PM CET","Female",">60","US","Small town","professor","Doctorate degree",">$3000","White","Married or domestic partnership","2","5","5","1","3","5","6","4","8","6","5","Yes","6","7","6","1","9","<$10","varies","7","7","8","6","2","4","8","5","6","1","No","","","","","","","","","","","","","","","5"
"2019/03/20 10:21:59 PM CET","Female","<20","Canada","Big city","Student","Bachelor's degree or eqvivalent","<$500","White","Single, never married","0","7","2","1","9","5","8","1","9","5","7","Yes","8","7","4","2","6","$20-$49","Thayers, neutrogena, biore","8","6","10","6","7","2","1","1","9","1","No","","","","","","Amazon","Convenience","It's convenient","10","8","2","5","2","9","4"
"2019/03/20 10:40:54 PM CET","Female","30-39","USA","Big city","Corporate","Master's degree or eqvivalent",">$3000","White","Single, never married","0","5","6","6","9","7","7","6","10","8","10","Yes","10","6","3","1","2","$10-$19","Many brands, including and NOT limited to CeraVe/Neutrogena from the drugstore, and Ole Henriksen/Sunday Riley at Sephora","5","7","10","6","1","3","7","10","8","4","No","","","","","","","","","","","","","","","2"
"2019/03/20 11:48:23 PM CET","Female","40-49","USA","Small town","Homemaker","Bachelor's degree or eqvivalent","$1500-$3000","White","Separated / Divorced","1","4","7","7","8","4","5","3","9","6","9","Yes","7","5","6","1","6","$10-$19","Various","5","9","10","6","2","3","4","5","8","8","Yes","7","8","7","","Free samples","Ulta, Sephora","Ease of use, price ","Ease of use, selection ","7","6","2","6","2","6","9"
"2019/03/21 12:00:59 AM CET","Female","20-29","USA","Small town","Baker","Bachelor's degree or eqvivalent","$1000-$1499","White","Single, never married","0","5","5","2","8","3","7","5","10","3","6","Yes","10","8","5","4","1","$10-$19","Clean and Clear, Biore, Aveeno","6","9","10","5","7","6","8","3","6","6","No","","","","","","","","","","","","","","","5"
"2019/03/21 12:18:41 AM CET","Female","50-59","USA","Small town","Designer","Bachelor's degree or eqvivalent",">$3000","White","Widowed","2","7","4","1","8","6","1","1","7","5","3","No","","","","","","","","","","","","","","","","","1","No","","","","","","","","","","","","","","","5"
"2019/03/21 12:19:48 AM CET","Female","20-29","United States","Big city","Student","Bachelor's degree or eqvivalent","<$500","White","Single, never married","0","6","7","7","7","5","5","3","8","3","8","Yes","9","7","4","1","9","$20-$49","Various ","5","6","9","6","1","5","7","5","7","1","No","","","","","","Straight from their website","Reliable (I know I can trust that I’m getting what I pay for)","","6","4","4","8","2","5","5"
"2019/03/21 12:39:19 AM CET","Female","30-39","Canada","Small town","Account Manager","Bachelor's degree or eqvivalent",">$3000","White","Separated / Divorced","0","7","6","4","8","3","8","7","8","2","7","Yes","7","8","1","1","5","$50-$99","Vivier, Aveeno, Ivory","6","7","10","5","1","6","7","7","5","1","No","","","","","","Amazon, Beautysense","Convenience","Availability of products","9","3","3","3","1","5","2"
"2019/03/21 1:45:58 AM CET","Female","<20","Argentina","Big city","University Student","High school graduate","<$500","Other","Single, never married","0","4","1","5","7","1","3","4","6","4","10","Yes","9","10","6","4","1","$50-$99","La Roche Posay, Avene,Isdin, (international- europe);Clinique (USA);  Idraet (argentina)","4","4","10","5","1","8","6","3","4","4","No","","","","","","","","","","","","","","","1"
"2019/03/21 2:28:04 AM CET","Female","40-49","UNITED STATES ","Small town","Postal dock clerk","High school graduate","$1500-$3000","White","Married or domestic partnership","2","7","7","8","8","7","6","4","8","7","8","Yes","9","8","5","1","6","$20-$49","Tarte and variety ","8","8","10","7","7","8","10","10","10","1","No","","","","","","Store","They tend to have the best deals ","","8","8","3","6","2","5","8"
"2019/03/21 3:53:53 AM CET","Female","<20","USA","Big city","High school student","High school graduate","<$500","White","Single, never married","0","5","7","7","8","7","8","3","10","7","10","Yes","10","6","4","2","5","$10-$19","The ordinary, cerave, some glossier","3","7","10","4","4","3","1","4","8","7","Yes","5","4","4","musk perfume","Mr. Bones","online stores, sometimes but rarely amazon","convenience","? didn't i just answer that?","8","6","3","5","3","6","2"
"2019/03/21 7:35:17 AM CET","Female","30-39","United States","Small town","Web Developer","Master's degree or eqvivalent",">$3000","Hispanic or Latino","Married or domestic partnership","0","10","10","5","6","3","7","3","7","7","7","Yes","7","7","4","3","8","$10-$19","Various","6","8","9","6","3","3","3","5","7","3","No","","","","","","Amazon","prime","free 2 day shipping","9","6","1","3","10","4","5"
"2019/03/21 9:20:06 AM CET","Female","30-39","U.S","Small town","Truck Driver","Bachelor's degree or eqvivalent","$1500-$3000","White","Married or domestic partnership","0","3","9","9","8","6","6","4","9","2","9","Yes","10","5","9","1","6","$20-$49","Various","7","7","10","5","1","5","8","10","10","1","No","","","","","","","","","6","8","2","6","7","6","5"
"2019/03/21 11:02:05 AM CET","Female",">60","UK","Small town","Retired","High school graduate","$1500-$3000","White","Widowed","1","3","7","6","6","8","4","1","7","1","5","No","","","","","","","","","","","","","","","","","1","No","","","","","","","","","","","","","","","1"
"2019/03/21 12:14:09 PM CET","Female","40-49","Australia","Big city","Writer","Master's degree or eqvivalent",">$3000","White","Married or domestic partnership","1","10","7","6","10","7","7","6","10","6","8","Yes","10","6","6","1","1","$20-$49","Lush (moisturiser) Roche Posay (sunscreen)","8","2","10","8","1","3","4","1","8","6","No","","","","","","Lush Online","Sometimes there are online exclusives  you can't buy in store","Getting exclusives, and getting products from overseas Lush stores","10","7","1","6","4","5","4"
"2019/03/21 2:59:26 PM CET","Female",">60","canada","Big city","retired","Master's degree or eqvivalent",">$3000","White","Married or domestic partnership","0","3","4","1","3","3","1","4","6","4","8","Yes","8","1","5","1","1","$10-$19","clarins/marcelle/natural goat soap locally made","5","10","10","6","1","2","10","8","8","6","No","","","","","","","","","","","","","","","5"
"2019/03/21 3:29:46 PM CET","Female","20-29","Italy","Rural area","Tattoo apprentice","High school graduate","<$500","White","Single, never married","0","9","8","2","8","3","3","2","10","5","8","Yes","8","9","10","1","9","$20-$49","Aveeno, Nivea, Dove, Lush, local natural brands","6","8","8","4","1","1","6","4","6","1","No","","","","","","Amazon","It's convenient, has a broad selection","See above","10","4","4","8","2","9","6"
"2019/03/21 4:04:24 PM CET","Female","30-39","Australia ","Big city","Psychologist","Master's degree or eqvivalent","$1500-$3000","White","Separated / Divorced","0","7","6","4","6","6","4","2","7","6","9","Yes","8","7","5","2","8","$20-$49","The ordinary, cover FX, benzac, sukin","4","8","9","5","6","4","7","4","8","5","No","","","","","","Direct website","Convienience, price, authenticity of products ","Range","7","6","2","5","4","5","7"
"2019/03/21 5:53:39 PM CET","Female","40-49","Canada","Big city","Non-profit worker","Master's degree or eqvivalent",">$3000","White","Married or domestic partnership","0","5","5","1","7","5","5","5","9","1","8","Yes","8","6","4","1","6","$20-$49","Paula's Choice, Neutrogena, Cosrx","1","5","10","5","2","6","8","4","8","5","No","","","","","","Amazon","Product selection and fast shipping","Ease of use","8","7","1","6","1","6","2"
"2019/03/21 9:17:18 PM CET","Male","30-39","Usa","Big city","Accountant ","Bachelor's degree or eqvivalent",">$3000","White","Married or domestic partnership","0","4","7","3","8","3","1","3","8","2","5","Yes","2","3","4","1","6","$10-$19","Aveeno, whatever is cheap","2","9","7","5","1","1","1","1","2","1","No","","","","","","Amazon","Convenient ","Convenient ","6","2","1","1","1","5","2"
"2019/03/21 9:50:03 PM CET","Female","20-29","USA","Small town","Dietetic Technician","Bachelor's degree or eqvivalent","$800-$1000","White","Single, never married","0","8","8","3","8","3","3","4","9","7","8","Yes","9","8","8","1","9","$20-$49","Drunk Elephanr","9","8","10","6","6","5","7","7","8","5","No","","","","","","","","","","","","","","","2"
"2019/03/22 3:07:45 AM CET","Female","20-29","USA","Big city","Student","High school graduate","<$500","White","Single, never married","0","6","4","3","8","4","8","7","8","3","8","Yes","6","7","6","3","1","$10-$19","Neutrogena, clean and clear","4","8","8","3","3","3","3","2","7","1","No","","","","","","","","","","","","","","","4"